,tweet_time_month,tweet_time_day,tweet_time_hour,tweet_time_minute,zerodelta_days,tweet_time_weekday,count
0,12,18,17,13,0,0,1
1,12,18,17,16,0,0,1
2,12,18,19,0,0,0,1
3,12,18,20,12,0,0,1
4,12,18,20,13,0,0,1
5,12,18,20,13,0,0,1
6,12,18,21,28,0,0,1
7,12,19,1,4,1,1,1
8,12,19,1,4,1,1,1
9,12,19,2,2,1,1,1
10,12,19,6,14,1,1,1
11,12,19,6,15,1,1,1
12,12,19,16,50,1,1,1
13,12,19,17,13,1,1,1
14,12,19,17,17,1,1,1
15,12,20,2,17,2,2,1
16,12,20,7,9,2,2,1
17,12,20,8,48,2,2,1
18,12,20,17,13,2,2,1
19,12,21,0,36,3,3,1
20,12,21,2,14,3,3,1
21,12,21,14,48,3,3,1
22,12,21,17,6,3,3,1
23,12,21,17,6,3,3,1
24,12,21,17,6,3,3,1
25,12,21,17,7,3,3,1
26,12,21,19,15,3,3,1
27,12,21,20,44,3,3,1
28,12,22,0,0,4,4,1
29,12,22,3,30,4,4,1
30,12,22,15,20,4,4,1
31,12,22,17,39,4,4,1
32,12,24,14,51,6,6,1
33,12,24,17,15,6,6,1
34,12,24,17,38,6,6,1
35,12,24,17,49,6,6,1
36,12,25,17,35,7,0,1
37,12,25,19,28,7,0,1
38,12,25,19,29,7,0,1
39,12,25,19,30,7,0,1
40,12,25,23,5,7,0,1
41,12,26,0,55,8,1,1
42,12,26,3,15,8,1,1
43,12,26,17,20,8,1,1
44,12,28,4,42,10,3,1
45,1,1,17,10,14,0,1
46,1,2,4,37,15,1,1
47,1,3,3,3,16,2,1
48,1,3,17,58,16,2,1
49,1,3,22,35,16,2,1
50,1,4,5,46,17,3,1
51,1,4,5,47,17,3,1
52,1,4,6,11,17,3,1
53,1,4,6,30,17,3,1
54,1,4,6,32,17,3,1
55,1,4,6,33,17,3,1
56,1,4,6,36,17,3,1
57,1,4,6,36,17,3,1
58,1,4,6,38,17,3,1
59,1,4,6,39,17,3,1
60,1,4,6,40,17,3,1
61,1,4,6,41,17,3,1
62,1,4,6,42,17,3,1
63,1,4,6,43,17,3,1
64,1,4,6,44,17,3,1
65,1,4,6,44,17,3,1
66,1,4,6,45,17,3,1
67,1,4,6,45,17,3,1
68,1,4,6,46,17,3,1
69,1,4,6,47,17,3,1
70,1,4,6,47,17,3,1
71,1,4,6,47,17,3,1
72,1,4,6,47,17,3,1
73,1,4,6,48,17,3,1
74,1,4,6,48,17,3,1
75,1,4,6,48,17,3,1
76,1,4,6,48,17,3,1
77,1,4,6,48,17,3,1
78,1,4,6,51,17,3,1
79,1,4,6,52,17,3,1
80,1,4,6,53,17,3,1
81,1,4,6,54,17,3,1
82,1,4,6,54,17,3,1
83,1,4,6,56,17,3,1
84,1,4,6,56,17,3,1
85,1,4,6,56,17,3,1
86,1,4,6,57,17,3,1
87,1,4,6,58,17,3,1
88,1,4,6,58,17,3,1
89,1,4,6,58,17,3,1
90,1,4,6,58,17,3,1
91,1,4,7,0,17,3,1
92,1,4,7,0,17,3,1
93,1,4,7,0,17,3,1
94,1,4,7,0,17,3,1
95,1,4,7,0,17,3,1
96,1,4,7,1,17,3,1
97,1,4,7,1,17,3,1
98,1,4,7,4,17,3,1
99,1,4,7,11,17,3,1
100,1,4,7,54,17,3,1
101,1,4,8,4,17,3,1
102,1,4,8,4,17,3,1
103,1,4,8,22,17,3,1
104,1,4,8,26,17,3,1
105,1,4,8,31,17,3,1
106,1,4,8,31,17,3,1
107,1,4,8,38,17,3,1
108,1,4,8,47,17,3,1
109,1,4,8,48,17,3,1
110,1,4,8,48,17,3,1
111,1,4,8,48,17,3,1
112,1,4,8,50,17,3,1
113,1,4,8,56,17,3,1
114,1,4,8,56,17,3,1
115,1,4,9,0,17,3,1
116,1,4,9,0,17,3,1
117,1,4,9,1,17,3,1
118,1,4,9,13,17,3,1
119,1,4,10,43,17,3,1
120,1,4,12,37,17,3,1
121,1,4,15,19,17,3,1
122,1,4,19,0,17,3,1
123,1,4,19,2,17,3,1
124,1,4,19,27,17,3,1
125,1,4,19,52,17,3,1
126,1,4,21,24,17,3,1
127,1,4,21,30,17,3,1
128,1,4,21,30,17,3,1
129,1,4,21,58,17,3,1
130,1,4,22,3,17,3,1
131,1,5,1,15,18,4,1
132,1,5,1,17,18,4,1
133,1,5,1,18,18,4,1
134,1,5,1,23,18,4,1
135,1,5,1,27,18,4,1
136,1,5,3,4,18,4,1
137,1,5,5,0,18,4,1
138,1,5,14,56,18,4,1
139,1,5,17,20,18,4,1
140,1,5,19,16,18,4,1
141,1,5,22,16,18,4,1
142,1,5,22,25,18,4,1
143,1,5,23,14,18,4,1
144,1,6,0,31,19,5,1
145,1,6,1,13,19,5,1
146,1,6,1,50,19,5,1
147,1,7,0,19,20,6,1
148,1,7,4,20,20,6,1
149,1,7,5,15,20,6,1
150,1,7,6,6,20,6,1
151,1,7,7,4,20,6,1
152,1,7,9,3,20,6,1
153,1,8,0,33,21,0,1
154,1,8,6,53,21,0,1
155,1,9,17,8,22,1,1
156,1,10,4,6,23,2,1
157,1,10,5,4,23,2,1
158,1,10,10,57,23,2,1
159,1,10,17,1,23,2,1
160,1,10,19,8,23,2,1
161,1,10,20,10,23,2,1
162,1,10,22,47,23,2,1
163,1,11,1,0,24,3,1
164,1,11,3,51,24,3,1
165,1,11,3,59,24,3,1
166,1,11,4,30,24,3,1
167,1,11,5,0,24,3,1
168,1,11,6,2,24,3,1
169,1,11,6,5,24,3,1
170,1,11,6,25,24,3,1
171,1,11,6,26,24,3,1
172,1,11,6,37,24,3,1
173,1,11,6,39,24,3,1
174,1,11,6,40,24,3,1
175,1,11,6,40,24,3,1
176,1,11,6,41,24,3,1
177,1,11,6,41,24,3,1
178,1,11,6,42,24,3,1
179,1,11,6,42,24,3,1
180,1,11,6,42,24,3,1
181,1,11,6,42,24,3,1
182,1,11,6,42,24,3,1
183,1,11,6,43,24,3,1
184,1,11,6,43,24,3,1
185,1,11,6,43,24,3,1
186,1,11,6,44,24,3,1
187,1,11,6,44,24,3,1
188,1,11,6,46,24,3,1
189,1,11,6,46,24,3,1
190,1,11,6,46,24,3,1
191,1,11,6,46,24,3,1
192,1,11,6,46,24,3,1
193,1,11,6,47,24,3,1
194,1,11,6,47,24,3,1
195,1,11,6,47,24,3,1
196,1,11,6,48,24,3,1
197,1,11,6,49,24,3,1
198,1,11,6,49,24,3,1
199,1,11,6,49,24,3,1
200,1,11,6,49,24,3,1
201,1,11,6,50,24,3,1
202,1,11,6,50,24,3,1
203,1,11,6,50,24,3,1
204,1,11,6,51,24,3,1
205,1,11,6,54,24,3,1
206,1,11,6,56,24,3,1
207,1,11,6,56,24,3,1
208,1,11,6,56,24,3,1
209,1,11,6,57,24,3,1
210,1,11,6,59,24,3,1
211,1,11,6,59,24,3,1
212,1,11,7,0,24,3,1
213,1,11,7,1,24,3,1
214,1,11,7,1,24,3,1
215,1,11,7,1,24,3,1
216,1,11,7,1,24,3,1
217,1,11,7,2,24,3,1
218,1,11,7,4,24,3,1
219,1,11,7,6,24,3,1
220,1,11,7,7,24,3,1
221,1,11,7,10,24,3,1
222,1,11,7,44,24,3,1
223,1,11,7,52,24,3,1
224,1,11,7,53,24,3,1
225,1,11,7,58,24,3,1
226,1,11,8,2,24,3,1
227,1,11,8,11,24,3,1
228,1,11,8,32,24,3,1
229,1,11,8,47,24,3,1
230,1,11,8,48,24,3,1
231,1,11,8,52,24,3,1
232,1,11,8,53,24,3,1
233,1,11,8,53,24,3,1
234,1,11,8,57,24,3,1
235,1,11,8,57,24,3,1
236,1,11,8,58,24,3,1
237,1,11,8,58,24,3,1
238,1,11,10,24,24,3,1
239,1,11,18,31,24,3,1
240,1,11,22,36,24,3,1
241,1,11,22,36,24,3,1
242,1,11,22,57,24,3,1
243,1,11,23,0,24,3,1
244,1,11,23,19,24,3,1
245,1,11,23,54,24,3,1
246,1,11,23,55,24,3,1
247,1,12,1,52,25,4,1
248,1,12,2,6,25,4,1
249,1,12,2,14,25,4,1
250,1,12,2,46,25,4,1
251,1,12,2,58,25,4,1
252,1,12,3,0,25,4,1
253,1,12,4,35,25,4,1
254,1,12,6,2,25,4,1
255,1,12,7,44,25,4,1
256,1,12,7,52,25,4,1
257,1,12,19,19,25,4,1
258,1,12,20,57,25,4,1
259,1,12,23,8,25,4,1
260,1,13,0,52,26,5,1
261,1,13,1,26,26,5,1
262,1,13,1,39,26,5,1
263,1,13,2,30,26,5,1
264,1,13,19,3,26,5,1
265,1,13,20,36,26,5,1
266,1,13,20,41,26,5,1
267,1,13,22,15,26,5,1
268,1,13,23,9,26,5,1
269,1,13,23,38,26,5,1
270,1,14,0,42,27,6,1
271,1,14,4,25,27,6,1
272,1,14,4,36,27,6,1
273,1,14,6,11,27,6,1
274,1,15,2,26,28,0,1
275,1,15,5,14,28,0,1
276,1,15,6,35,28,0,1
277,1,15,8,57,28,0,1
278,1,15,15,23,28,0,1
279,1,15,16,12,28,0,1
280,1,16,1,21,29,1,1
281,1,16,4,0,29,1,1
282,1,16,4,30,29,1,1
283,1,16,4,56,29,1,1
284,1,16,11,40,29,1,1
285,1,16,19,0,29,1,1
286,1,16,20,4,29,1,1
287,1,16,20,5,29,1,1
288,1,16,23,11,29,1,1
289,1,17,1,47,30,2,1
290,1,17,1,54,30,2,1
291,1,17,5,4,30,2,1
292,1,17,8,14,30,2,1
293,1,18,5,3,31,3,1
294,1,18,6,13,31,3,1
295,1,18,6,26,31,3,1
296,1,18,6,32,31,3,1
297,1,18,6,35,31,3,1
298,1,18,6,36,31,3,1
299,1,18,6,37,31,3,1
300,1,18,6,37,31,3,1
301,1,18,6,37,31,3,1
302,1,18,6,37,31,3,1
303,1,18,6,38,31,3,1
304,1,18,6,38,31,3,1
305,1,18,6,38,31,3,1
306,1,18,6,39,31,3,1
307,1,18,6,39,31,3,1
308,1,18,6,40,31,3,1
309,1,18,6,40,31,3,1
310,1,18,6,40,31,3,1
311,1,18,6,40,31,3,1
312,1,18,6,41,31,3,1
313,1,18,6,41,31,3,1
314,1,18,6,41,31,3,1
315,1,18,6,42,31,3,1
316,1,18,6,42,31,3,1
317,1,18,6,42,31,3,1
318,1,18,6,43,31,3,1
319,1,18,6,43,31,3,1
320,1,18,6,43,31,3,1
321,1,18,6,43,31,3,1
322,1,18,6,43,31,3,1
323,1,18,6,43,31,3,1
324,1,18,6,44,31,3,1
325,1,18,6,45,31,3,1
326,1,18,6,45,31,3,1
327,1,18,6,45,31,3,1
328,1,18,6,45,31,3,1
329,1,18,6,46,31,3,1
330,1,18,6,46,31,3,1
331,1,18,6,46,31,3,1
332,1,18,6,47,31,3,1
333,1,18,6,47,31,3,1
334,1,18,6,47,31,3,1
335,1,18,6,47,31,3,1
336,1,18,6,48,31,3,1
337,1,18,6,48,31,3,1
338,1,18,6,49,31,3,1
339,1,18,6,49,31,3,1
340,1,18,6,49,31,3,1
341,1,18,6,50,31,3,1
342,1,18,6,50,31,3,1
343,1,18,6,52,31,3,1
344,1,18,6,53,31,3,1
345,1,18,6,54,31,3,1
346,1,18,6,55,31,3,1
347,1,18,6,55,31,3,1
348,1,18,6,55,31,3,1
349,1,18,6,56,31,3,1
350,1,18,6,57,31,3,1
351,1,18,6,57,31,3,1
352,1,18,6,57,31,3,1
353,1,18,7,0,31,3,1
354,1,18,7,0,31,3,1
355,1,18,7,0,31,3,1
356,1,18,7,0,31,3,1
357,1,18,7,0,31,3,1
358,1,18,7,1,31,3,1
359,1,18,7,1,31,3,1
360,1,18,7,2,31,3,1
361,1,18,7,3,31,3,1
362,1,18,7,4,31,3,1
363,1,18,7,6,31,3,1
364,1,18,8,38,31,3,1
365,1,18,8,53,31,3,1
366,1,18,8,53,31,3,1
367,1,18,8,56,31,3,1
368,1,18,9,0,31,3,1
369,1,18,9,1,31,3,1
370,1,18,9,10,31,3,1
371,1,18,11,51,31,3,1
372,1,18,13,25,31,3,1
373,1,18,13,49,31,3,1
374,1,18,14,48,31,3,1
375,1,18,14,49,31,3,1
376,1,18,15,15,31,3,1
377,1,18,15,29,31,3,1
378,1,18,15,34,31,3,1
379,1,18,16,9,31,3,1
380,1,18,16,25,31,3,1
381,1,19,1,0,32,4,1
382,1,19,1,42,32,4,1
383,1,19,3,0,32,4,1
384,1,19,4,17,32,4,1
385,1,19,4,40,32,4,1
386,1,19,4,58,32,4,1
387,1,19,6,9,32,4,1
388,1,19,6,34,32,4,1
389,1,19,18,25,32,4,1
390,1,19,18,29,32,4,1
391,1,19,18,47,32,4,1
392,1,19,19,6,32,4,1
393,1,19,19,38,32,4,1
394,1,19,19,59,32,4,1
395,1,19,20,10,32,4,1
396,1,19,21,7,32,4,1
397,1,20,5,23,33,5,1
398,1,20,7,18,33,5,1
399,1,20,7,20,33,5,1
400,1,20,22,12,33,5,1
401,1,20,23,2,33,5,1
402,1,20,23,54,33,5,1
403,1,21,0,25,34,6,1
404,1,21,0,50,34,6,1
405,1,21,1,32,34,6,1
406,1,21,5,55,34,6,1
407,1,21,6,46,34,6,1
408,1,21,7,35,34,6,1
409,1,21,9,46,34,6,1
410,1,21,20,55,34,6,1
411,1,21,22,3,34,6,1
412,1,22,0,28,35,0,1
413,1,22,5,9,35,0,1
414,1,22,5,32,35,0,1
415,1,22,21,48,35,0,1
416,1,24,2,0,37,2,1
417,1,24,7,23,37,2,1
418,1,24,8,26,37,2,1
419,1,24,13,21,37,2,1
420,1,24,18,3,37,2,1
421,1,24,18,15,37,2,1
422,1,24,19,1,37,2,1
423,1,24,20,16,37,2,1
424,1,25,1,58,38,3,1
425,1,25,3,1,38,3,1
426,1,25,3,15,38,3,1
427,1,25,3,56,38,3,1
428,1,25,4,30,38,3,1
429,1,25,5,0,38,3,1
430,1,25,6,20,38,3,1
431,1,25,6,33,38,3,1
432,1,25,6,35,38,3,1
433,1,25,6,35,38,3,1
434,1,25,6,36,38,3,1
435,1,25,6,36,38,3,1
436,1,25,6,36,38,3,1
437,1,25,6,37,38,3,1
438,1,25,6,37,38,3,1
439,1,25,6,38,38,3,1
440,1,25,6,38,38,3,1
441,1,25,6,38,38,3,1
442,1,25,6,38,38,3,1
443,1,25,6,38,38,3,1
444,1,25,6,39,38,3,1
445,1,25,6,39,38,3,1
446,1,25,6,39,38,3,1
447,1,25,6,39,38,3,1
448,1,25,6,41,38,3,1
449,1,25,6,43,38,3,1
450,1,25,6,43,38,3,1
451,1,25,6,43,38,3,1
452,1,25,6,44,38,3,1
453,1,25,6,44,38,3,1
454,1,25,6,45,38,3,1
455,1,25,6,45,38,3,1
456,1,25,6,45,38,3,1
457,1,25,6,46,38,3,1
458,1,25,6,46,38,3,1
459,1,25,6,46,38,3,1
460,1,25,6,46,38,3,1
461,1,25,6,46,38,3,1
462,1,25,6,46,38,3,1
463,1,25,6,47,38,3,1
464,1,25,6,47,38,3,1
465,1,25,6,47,38,3,1
466,1,25,6,47,38,3,1
467,1,25,6,48,38,3,1
468,1,25,6,48,38,3,1
469,1,25,6,48,38,3,1
470,1,25,6,49,38,3,1
471,1,25,6,49,38,3,1
472,1,25,6,49,38,3,1
473,1,25,6,49,38,3,1
474,1,25,6,49,38,3,1
475,1,25,6,49,38,3,1
476,1,25,6,50,38,3,1
477,1,25,6,50,38,3,1
478,1,25,6,50,38,3,1
479,1,25,6,51,38,3,1
480,1,25,6,51,38,3,1
481,1,25,6,51,38,3,1
482,1,25,6,51,38,3,1
483,1,25,6,52,38,3,1
484,1,25,6,52,38,3,1
485,1,25,6,53,38,3,1
486,1,25,6,55,38,3,1
487,1,25,6,55,38,3,1
488,1,25,6,56,38,3,1
489,1,25,6,57,38,3,1
490,1,25,6,57,38,3,1
491,1,25,6,58,38,3,1
492,1,25,6,58,38,3,1
493,1,25,6,59,38,3,1
494,1,25,7,0,38,3,1
495,1,25,7,0,38,3,1
496,1,25,7,0,38,3,1
497,1,25,7,1,38,3,1
498,1,25,7,1,38,3,1
499,1,25,7,1,38,3,1
500,1,25,7,2,38,3,1
501,1,25,7,3,38,3,1
502,1,25,7,4,38,3,1
503,1,25,7,55,38,3,1
504,1,25,8,11,38,3,1
505,1,25,8,48,38,3,1
506,1,25,8,53,38,3,1
507,1,25,8,57,38,3,1
508,1,25,9,0,38,3,1
509,1,25,9,1,38,3,1
510,1,25,9,1,38,3,1
511,1,25,9,21,38,3,1
512,1,25,9,35,38,3,1
513,1,25,9,39,38,3,1
514,1,25,9,40,38,3,1
515,1,25,11,59,38,3,1
516,1,25,12,2,38,3,1
517,1,25,12,29,38,3,1
518,1,25,13,55,38,3,1
519,1,25,14,20,38,3,1
520,1,25,14,39,38,3,1
521,1,25,22,39,38,3,1
522,1,25,23,12,38,3,1
523,1,26,3,1,39,4,1
524,1,26,3,5,39,4,1
525,1,26,3,18,39,4,1
526,1,26,5,13,39,4,1
527,1,26,6,24,39,4,1
528,1,26,15,41,39,4,1
529,1,26,18,18,39,4,1
530,1,26,18,18,39,4,1
531,1,26,20,4,39,4,1
532,1,26,22,6,39,4,1
533,1,26,23,32,39,4,1
534,1,27,0,26,40,5,1
535,1,27,1,26,40,5,1
536,1,27,1,44,40,5,1
537,1,27,3,53,40,5,1
538,1,27,5,15,40,5,1
539,1,27,13,5,40,5,1
540,1,27,17,14,40,5,1
541,1,28,4,7,41,6,1
542,1,28,4,9,41,6,1
543,1,28,4,22,41,6,1
544,1,28,5,7,41,6,1
545,1,28,15,31,41,6,1
546,1,28,19,30,41,6,1
547,1,29,0,33,42,0,1
548,1,29,1,56,42,0,1
549,1,29,4,23,42,0,1
550,1,29,5,8,42,0,1
551,1,29,5,17,42,0,1
552,1,29,6,5,42,0,1
553,1,29,8,44,42,0,1
554,1,29,9,52,42,0,1
555,1,29,19,2,42,0,1
556,1,29,19,6,42,0,1
557,1,29,23,48,42,0,1
558,1,30,4,42,43,1,1
559,1,30,4,52,43,1,1
560,1,30,5,18,43,1,1
561,1,30,5,49,43,1,1
562,1,30,6,54,43,1,1
563,1,30,9,5,43,1,1
564,1,30,19,0,43,1,1
565,1,30,19,9,43,1,1
566,1,31,4,54,44,2,1
567,1,31,5,23,44,2,1
568,1,31,21,52,44,2,1
569,1,31,23,43,44,2,1
570,2,1,1,30,45,3,1
571,2,1,5,0,45,3,1
572,2,1,5,51,45,3,1
573,2,1,5,52,45,3,1
574,2,1,6,22,45,3,1
575,2,1,6,32,45,3,1
576,2,1,6,32,45,3,1
577,2,1,6,32,45,3,1
578,2,1,6,32,45,3,1
579,2,1,6,33,45,3,1
580,2,1,6,35,45,3,1
581,2,1,6,35,45,3,1
582,2,1,6,36,45,3,1
583,2,1,6,36,45,3,1
584,2,1,6,36,45,3,1
585,2,1,6,36,45,3,1
586,2,1,6,36,45,3,1
587,2,1,6,37,45,3,1
588,2,1,6,37,45,3,1
589,2,1,6,37,45,3,1
590,2,1,6,38,45,3,1
591,2,1,6,38,45,3,1
592,2,1,6,38,45,3,1
593,2,1,6,38,45,3,1
594,2,1,6,39,45,3,1
595,2,1,6,39,45,3,1
596,2,1,6,39,45,3,1
597,2,1,6,41,45,3,1
598,2,1,6,43,45,3,1
599,2,1,6,43,45,3,1
600,2,1,6,43,45,3,1
601,2,1,6,43,45,3,1
602,2,1,6,44,45,3,1
603,2,1,6,45,45,3,1
604,2,1,6,45,45,3,1
605,2,1,6,45,45,3,1
606,2,1,6,45,45,3,1
607,2,1,6,45,45,3,1
608,2,1,6,45,45,3,1
609,2,1,6,46,45,3,1
610,2,1,6,46,45,3,1
611,2,1,6,47,45,3,1
612,2,1,6,47,45,3,1
613,2,1,6,47,45,3,1
614,2,1,6,48,45,3,1
615,2,1,6,48,45,3,1
616,2,1,6,48,45,3,1
617,2,1,6,50,45,3,1
618,2,1,6,52,45,3,1
619,2,1,6,53,45,3,1
620,2,1,6,53,45,3,1
621,2,1,6,53,45,3,1
622,2,1,6,54,45,3,1
623,2,1,6,54,45,3,1
624,2,1,6,54,45,3,1
625,2,1,6,55,45,3,1
626,2,1,6,55,45,3,1
627,2,1,6,55,45,3,1
628,2,1,6,55,45,3,1
629,2,1,6,55,45,3,1
630,2,1,6,55,45,3,1
631,2,1,6,55,45,3,1
632,2,1,6,55,45,3,1
633,2,1,6,55,45,3,1
634,2,1,6,55,45,3,1
635,2,1,7,0,45,3,1
636,2,1,7,2,45,3,1
637,2,1,7,3,45,3,1
638,2,1,7,4,45,3,1
639,2,1,7,4,45,3,1
640,2,1,7,9,45,3,1
641,2,1,7,13,45,3,1
642,2,1,8,47,45,3,1
643,2,1,8,53,45,3,1
644,2,1,8,56,45,3,1
645,2,1,8,56,45,3,1
646,2,1,8,58,45,3,1
647,2,1,9,0,45,3,1
648,2,1,9,0,45,3,1
649,2,1,9,2,45,3,1
650,2,1,9,46,45,3,1
651,2,1,13,39,45,3,1
652,2,1,17,24,45,3,1
653,2,1,18,50,45,3,1
654,2,1,19,20,45,3,1
655,2,1,19,40,45,3,1
656,2,1,19,43,45,3,1
657,2,1,23,52,45,3,1
658,2,2,1,8,46,4,1
659,2,2,1,27,46,4,1
660,2,2,2,0,46,4,1
661,2,2,2,19,46,4,1
662,2,2,3,7,46,4,1
663,2,2,3,11,46,4,1
664,2,2,3,35,46,4,1
665,2,2,4,13,46,4,1
666,2,2,6,16,46,4,1
667,2,2,6,30,46,4,1
668,2,2,6,32,46,4,1
669,2,2,6,38,46,4,1
670,2,2,14,51,46,4,1
671,2,2,19,17,46,4,1
672,2,2,20,46,46,4,1
673,2,2,23,32,46,4,1
674,2,3,2,2,47,5,1
675,2,3,4,27,47,5,1
676,2,3,5,9,47,5,1
677,2,3,19,0,47,5,1
678,2,3,19,14,47,5,1
679,2,3,22,43,47,5,1
680,2,3,23,45,47,5,1
681,2,4,3,38,48,6,1
682,2,4,4,23,48,6,1
683,2,4,4,58,48,6,1
684,2,4,5,12,48,6,1
685,2,4,5,45,48,6,1
686,2,4,6,29,48,6,1
687,2,4,6,49,48,6,1
688,2,4,7,12,48,6,1
689,2,5,1,0,49,0,1
690,2,5,5,59,49,0,1
691,2,5,8,0,49,0,1
692,2,5,23,19,49,0,1
693,2,6,0,34,50,1,1
694,2,6,1,0,50,1,1
695,2,6,1,11,50,1,1
696,2,6,3,23,50,1,1
697,2,6,3,26,50,1,1
698,2,6,7,21,50,1,1
699,2,6,7,57,50,1,1
700,2,6,16,44,50,1,1
701,2,6,17,24,50,1,1
702,2,6,22,26,50,1,1
703,2,6,22,40,50,1,1
704,2,6,23,49,50,1,1
705,2,7,0,27,51,2,1
706,2,7,0,42,51,2,1
707,2,8,1,21,52,3,1
708,2,8,5,22,52,3,1
709,2,8,6,31,52,3,1
710,2,8,6,32,52,3,1
711,2,8,6,32,52,3,1
712,2,8,6,33,52,3,1
713,2,8,6,33,52,3,1
714,2,8,6,33,52,3,1
715,2,8,6,33,52,3,1
716,2,8,6,33,52,3,1
717,2,8,6,33,52,3,1
718,2,8,6,33,52,3,1
719,2,8,6,35,52,3,1
720,2,8,6,36,52,3,1
721,2,8,6,36,52,3,1
722,2,8,6,36,52,3,1
723,2,8,6,36,52,3,1
724,2,8,6,37,52,3,1
725,2,8,6,38,52,3,1
726,2,8,6,38,52,3,1
727,2,8,6,39,52,3,1
728,2,8,6,39,52,3,1
729,2,8,6,40,52,3,1
730,2,8,6,40,52,3,1
731,2,8,6,40,52,3,1
732,2,8,6,41,52,3,1
733,2,8,6,41,52,3,1
734,2,8,6,41,52,3,1
735,2,8,6,41,52,3,1
736,2,8,6,43,52,3,1
737,2,8,6,43,52,3,1
738,2,8,6,43,52,3,1
739,2,8,6,43,52,3,1
740,2,8,6,43,52,3,1
741,2,8,6,44,52,3,1
742,2,8,6,44,52,3,1
743,2,8,6,44,52,3,1
744,2,8,6,46,52,3,1
745,2,8,6,46,52,3,1
746,2,8,6,46,52,3,1
747,2,8,6,47,52,3,1
748,2,8,6,47,52,3,1
749,2,8,6,47,52,3,1
750,2,8,6,47,52,3,1
751,2,8,6,47,52,3,1
752,2,8,6,48,52,3,1
753,2,8,6,48,52,3,1
754,2,8,6,48,52,3,1
755,2,8,6,48,52,3,1
756,2,8,6,49,52,3,1
757,2,8,6,49,52,3,1
758,2,8,6,49,52,3,1
759,2,8,6,49,52,3,1
760,2,8,6,49,52,3,1
761,2,8,6,49,52,3,1
762,2,8,6,49,52,3,1
763,2,8,6,50,52,3,1
764,2,8,6,53,52,3,1
765,2,8,6,53,52,3,1
766,2,8,6,54,52,3,1
767,2,8,6,54,52,3,1
768,2,8,6,54,52,3,1
769,2,8,6,55,52,3,1
770,2,8,6,55,52,3,1
771,2,8,6,56,52,3,1
772,2,8,6,56,52,3,1
773,2,8,6,57,52,3,1
774,2,8,6,57,52,3,1
775,2,8,6,57,52,3,1
776,2,8,6,57,52,3,1
777,2,8,6,58,52,3,1
778,2,8,6,58,52,3,1
779,2,8,6,58,52,3,1
780,2,8,6,59,52,3,1
781,2,8,7,7,52,3,1
782,2,8,8,37,52,3,1
783,2,8,8,47,52,3,1
784,2,8,8,51,52,3,1
785,2,8,8,56,52,3,1
786,2,8,8,58,52,3,1
787,2,8,9,0,52,3,1
788,2,8,9,3,52,3,1
789,2,8,9,5,52,3,1
790,2,8,9,7,52,3,1
791,2,8,9,13,52,3,1
792,2,8,9,23,52,3,1
793,2,8,10,57,52,3,1
794,2,8,11,31,52,3,1
795,2,8,12,6,52,3,1
796,2,8,12,20,52,3,1
797,2,8,13,2,52,3,1
798,2,8,13,13,52,3,1
799,2,8,15,17,52,3,1
800,2,8,17,10,52,3,1
801,2,8,18,0,52,3,1
802,2,8,18,5,52,3,1
803,2,8,19,1,52,3,1
804,2,8,20,39,52,3,1
805,2,8,20,50,52,3,1
806,2,8,21,14,52,3,1
807,2,8,21,24,52,3,1
808,2,8,22,28,52,3,1
809,2,8,23,4,52,3,1
810,2,9,1,42,53,4,1
811,2,9,1,51,53,4,1
812,2,9,3,17,53,4,1
813,2,9,4,54,53,4,1
814,2,9,5,18,53,4,1
815,2,9,5,59,53,4,1
816,2,9,6,10,53,4,1
817,2,9,6,43,53,4,1
818,2,9,11,9,53,4,1
819,2,9,17,3,53,4,1
820,2,9,17,59,53,4,1
821,2,9,18,0,53,4,1
822,2,9,22,57,53,4,1
823,2,10,1,3,54,5,1
824,2,10,4,23,54,5,1
825,2,10,5,47,54,5,1
826,2,10,6,39,54,5,1
827,2,10,7,59,54,5,1
828,2,10,8,32,54,5,1
829,2,10,20,7,54,5,1
830,2,10,20,27,54,5,1
831,2,10,20,40,54,5,1
832,2,10,22,0,54,5,1
833,2,10,22,28,54,5,1
834,2,10,23,22,54,5,1
835,2,11,0,10,55,6,1
836,2,11,0,34,55,6,1
837,2,11,0,49,55,6,1
838,2,11,0,55,55,6,1
839,2,11,3,43,55,6,1
840,2,11,3,58,55,6,1
841,2,11,4,20,55,6,1
842,2,11,4,26,55,6,1
843,2,11,4,46,55,6,1
844,2,11,5,13,55,6,1
845,2,11,5,23,55,6,1
846,2,11,5,31,55,6,1
847,2,11,5,57,55,6,1
848,2,11,6,26,55,6,1
849,2,11,6,30,55,6,1
850,2,11,6,59,55,6,1
851,2,11,7,0,55,6,1
852,2,11,8,44,55,6,1
853,2,11,8,54,55,6,1
854,2,11,11,33,55,6,1
855,2,11,11,46,55,6,1
856,2,11,19,52,55,6,1
857,2,11,22,32,55,6,1
858,2,11,22,45,55,6,1
859,2,12,0,50,56,0,1
860,2,12,2,8,56,0,1
861,2,12,3,43,56,0,1
862,2,12,7,8,56,0,1
863,2,12,10,31,56,0,1
864,2,13,1,3,57,1,1
865,2,13,1,8,57,1,1
866,2,13,1,32,57,1,1
867,2,13,2,3,57,1,1
868,2,13,4,58,57,1,1
869,2,13,6,54,57,1,1
870,2,13,7,0,57,1,1
871,2,13,17,6,57,1,1
872,2,13,18,9,57,1,1
873,2,13,22,23,57,1,1
874,2,14,3,2,58,2,1
875,2,14,5,21,58,2,1
876,2,14,6,3,58,2,1
877,2,14,6,17,58,2,1
878,2,14,22,27,58,2,1
879,2,14,22,29,58,2,1
880,2,14,22,48,58,2,1
881,2,15,0,24,59,3,1
882,2,15,0,49,59,3,1
883,2,15,1,47,59,3,1
884,2,15,3,36,59,3,1
885,2,15,4,50,59,3,1
886,2,15,5,0,59,3,1
887,2,15,5,51,59,3,1
888,2,15,5,55,59,3,1
889,2,15,6,31,59,3,1
890,2,15,6,34,59,3,1
891,2,15,6,34,59,3,1
892,2,15,6,38,59,3,1
893,2,15,6,39,59,3,1
894,2,15,6,41,59,3,1
895,2,15,6,42,59,3,1
896,2,15,6,42,59,3,1
897,2,15,6,42,59,3,1
898,2,15,6,42,59,3,1
899,2,15,6,42,59,3,1
900,2,15,6,43,59,3,1
901,2,15,6,43,59,3,1
902,2,15,6,43,59,3,1
903,2,15,6,44,59,3,1
904,2,15,6,44,59,3,1
905,2,15,6,44,59,3,1
906,2,15,6,45,59,3,1
907,2,15,6,45,59,3,1
908,2,15,6,45,59,3,1
909,2,15,6,46,59,3,1
910,2,15,6,46,59,3,1
911,2,15,6,47,59,3,1
912,2,15,6,47,59,3,1
913,2,15,6,47,59,3,1
914,2,15,6,48,59,3,1
915,2,15,6,48,59,3,1
916,2,15,6,48,59,3,1
917,2,15,6,48,59,3,1
918,2,15,6,48,59,3,1
919,2,15,6,48,59,3,1
920,2,15,6,48,59,3,1
921,2,15,6,49,59,3,1
922,2,15,6,49,59,3,1
923,2,15,6,49,59,3,1
924,2,15,6,49,59,3,1
925,2,15,6,49,59,3,1
926,2,15,6,49,59,3,1
927,2,15,6,50,59,3,1
928,2,15,6,50,59,3,1
929,2,15,6,50,59,3,1
930,2,15,6,51,59,3,1
931,2,15,6,53,59,3,1
932,2,15,6,53,59,3,1
933,2,15,6,53,59,3,1
934,2,15,6,53,59,3,1
935,2,15,6,54,59,3,1
936,2,15,6,54,59,3,1
937,2,15,6,55,59,3,1
938,2,15,6,56,59,3,1
939,2,15,6,56,59,3,1
940,2,15,6,56,59,3,1
941,2,15,6,57,59,3,1
942,2,15,6,57,59,3,1
943,2,15,6,59,59,3,1
944,2,15,6,59,59,3,1
945,2,15,6,59,59,3,1
946,2,15,9,15,59,3,1
947,2,15,9,27,59,3,1
948,2,15,15,55,59,3,1
949,2,15,18,0,59,3,1
950,2,15,18,43,59,3,1
951,2,15,19,1,59,3,1
952,2,15,19,2,59,3,1
953,2,15,19,13,59,3,1
954,2,15,20,3,59,3,1
955,2,15,20,44,59,3,1
956,2,15,21,27,59,3,1
957,2,15,22,24,59,3,1
958,2,15,22,58,59,3,1
959,2,15,23,48,59,3,1
960,2,16,0,42,60,4,1
961,2,16,0,47,60,4,1
962,2,16,1,26,60,4,1
963,2,16,2,0,60,4,1
964,2,16,2,0,60,4,1
965,2,16,2,5,60,4,1
966,2,16,3,47,60,4,1
967,2,16,7,43,60,4,1
968,2,16,7,50,60,4,1
969,2,16,17,22,60,4,1
970,2,16,18,2,60,4,1
971,2,16,20,58,60,4,1
972,2,16,22,13,60,4,1
973,2,17,6,6,61,5,1
974,2,17,15,42,61,5,1
975,2,17,16,19,61,5,1
976,2,17,16,20,61,5,1
977,2,17,18,46,61,5,1
978,2,17,19,38,61,5,1
979,2,17,22,55,61,5,1
980,2,17,23,26,61,5,1
981,2,18,1,27,62,6,1
982,2,18,4,17,62,6,1
983,2,18,6,21,62,6,1
984,2,18,7,19,62,6,1
985,2,19,4,31,63,0,1
986,2,19,8,5,63,0,1
987,2,19,19,25,63,0,1
988,2,19,20,29,63,0,1
989,2,19,21,14,63,0,1
990,2,19,21,33,63,0,1
991,2,19,22,31,63,0,1
992,2,20,23,3,64,1,1
993,2,21,2,2,65,2,1
994,2,21,2,17,65,2,1
995,2,21,2,52,65,2,1
996,2,21,15,38,65,2,1
997,2,21,15,38,65,2,1
998,2,21,16,15,65,2,1
999,2,21,19,0,65,2,1
1000,2,22,0,5,66,3,1
1001,2,22,0,47,66,3,1
1002,2,22,5,51,66,3,1
1003,2,22,6,26,66,3,1
1004,2,22,6,31,66,3,1
1005,2,22,6,34,66,3,1
1006,2,22,6,35,66,3,1
1007,2,22,6,35,66,3,1
1008,2,22,6,35,66,3,1
1009,2,22,6,35,66,3,1
1010,2,22,6,35,66,3,1
1011,2,22,6,36,66,3,1
1012,2,22,6,36,66,3,1
1013,2,22,6,37,66,3,1
1014,2,22,6,37,66,3,1
1015,2,22,6,38,66,3,1
1016,2,22,6,38,66,3,1
1017,2,22,6,38,66,3,1
1018,2,22,6,38,66,3,1
1019,2,22,6,38,66,3,1
1020,2,22,6,38,66,3,1
1021,2,22,6,38,66,3,1
1022,2,22,6,39,66,3,1
1023,2,22,6,40,66,3,1
1024,2,22,6,41,66,3,1
1025,2,22,6,42,66,3,1
1026,2,22,6,42,66,3,1
1027,2,22,6,42,66,3,1
1028,2,22,6,42,66,3,1
1029,2,22,6,42,66,3,1
1030,2,22,6,42,66,3,1
1031,2,22,6,42,66,3,1
1032,2,22,6,42,66,3,1
1033,2,22,6,43,66,3,1
1034,2,22,6,43,66,3,1
1035,2,22,6,43,66,3,1
1036,2,22,6,43,66,3,1
1037,2,22,6,44,66,3,1
1038,2,22,6,44,66,3,1
1039,2,22,6,44,66,3,1
1040,2,22,6,44,66,3,1
1041,2,22,6,44,66,3,1
1042,2,22,6,45,66,3,1
1043,2,22,6,45,66,3,1
1044,2,22,6,45,66,3,1
1045,2,22,6,45,66,3,1
1046,2,22,6,46,66,3,1
1047,2,22,6,46,66,3,1
1048,2,22,6,47,66,3,1
1049,2,22,6,47,66,3,1
1050,2,22,6,48,66,3,1
1051,2,22,6,48,66,3,1
1052,2,22,6,48,66,3,1
1053,2,22,6,49,66,3,1
1054,2,22,6,49,66,3,1
1055,2,22,6,50,66,3,1
1056,2,22,6,53,66,3,1
1057,2,22,6,53,66,3,1
1058,2,22,6,53,66,3,1
1059,2,22,6,54,66,3,1
1060,2,22,6,55,66,3,1
1061,2,22,6,56,66,3,1
1062,2,22,6,56,66,3,1
1063,2,22,6,57,66,3,1
1064,2,22,6,57,66,3,1
1065,2,22,6,57,66,3,1
1066,2,22,6,59,66,3,1
1067,2,22,6,59,66,3,1
1068,2,22,7,0,66,3,1
1069,2,22,7,1,66,3,1
1070,2,22,7,1,66,3,1
1071,2,22,7,2,66,3,1
1072,2,22,7,3,66,3,1
1073,2,22,7,4,66,3,1
1074,2,22,7,20,66,3,1
1075,2,22,8,42,66,3,1
1076,2,22,8,48,66,3,1
1077,2,22,8,58,66,3,1
1078,2,22,9,0,66,3,1
1079,2,22,9,0,66,3,1
1080,2,22,9,1,66,3,1
1081,2,22,9,8,66,3,1
1082,2,22,9,34,66,3,1
1083,2,22,9,41,66,3,1
1084,2,22,9,49,66,3,1
1085,2,22,10,0,66,3,1
1086,2,22,10,10,66,3,1
1087,2,22,11,19,66,3,1
1088,2,22,14,14,66,3,1
1089,2,22,14,36,66,3,1
1090,2,22,15,24,66,3,1
1091,2,22,15,37,66,3,1
1092,2,22,15,48,66,3,1
1093,2,22,19,19,66,3,1
1094,2,22,20,1,66,3,1
1095,2,22,20,9,66,3,1
1096,2,22,20,27,66,3,1
1097,2,22,20,48,66,3,1
1098,2,22,21,57,66,3,1
1099,2,23,0,7,67,4,1
1100,2,23,0,58,67,4,1
1101,2,23,3,12,67,4,1
1102,2,23,3,14,67,4,1
1103,2,23,3,45,67,4,1
1104,2,23,4,14,67,4,1
1105,2,23,4,24,67,4,1
1106,2,23,5,49,67,4,1
1107,2,23,6,10,67,4,1
1108,2,23,6,40,67,4,1
1109,2,23,6,47,67,4,1
1110,2,23,15,24,67,4,1
1111,2,23,21,21,67,4,1
1112,2,23,22,13,67,4,1
1113,2,24,0,12,68,5,1
1114,2,24,0,35,68,5,1
1115,2,24,3,16,68,5,1
1116,2,24,3,40,68,5,1
1117,2,24,14,49,68,5,1
1118,2,24,16,51,68,5,1
1119,2,24,18,4,68,5,1
1120,2,24,20,44,68,5,1
1121,2,24,22,38,68,5,1
1122,2,24,22,45,68,5,1
1123,2,24,23,23,68,5,1
1124,2,25,0,35,69,6,1
1125,2,25,2,38,69,6,1
1126,2,25,3,3,69,6,1
1127,2,25,3,53,69,6,1
1128,2,25,5,45,69,6,1
1129,2,26,18,0,70,0,1
1130,2,26,18,1,70,0,1
1131,2,27,7,0,71,1,1
1132,2,27,17,36,71,1,1
1133,2,27,20,25,71,1,1
1134,2,28,1,8,72,2,1
1135,2,28,1,58,72,2,1
1136,2,28,6,5,72,2,1
1137,2,28,16,19,72,2,1
1138,2,28,17,21,72,2,1
1139,2,28,19,0,72,2,1
1140,2,28,20,0,72,2,1
1141,3,1,2,12,73,3,1
1142,3,1,2,13,73,3,1
1143,3,1,2,41,73,3,1
1144,3,1,4,27,73,3,1
1145,3,1,4,30,73,3,1
1146,3,1,6,9,73,3,1
1147,3,1,6,19,73,3,1
1148,3,1,6,32,73,3,1
1149,3,1,6,34,73,3,1
1150,3,1,6,34,73,3,1
1151,3,1,6,35,73,3,1
1152,3,1,6,35,73,3,1
1153,3,1,6,35,73,3,1
1154,3,1,6,35,73,3,1
1155,3,1,6,36,73,3,1
1156,3,1,6,36,73,3,1
1157,3,1,6,36,73,3,1
1158,3,1,6,36,73,3,1
1159,3,1,6,36,73,3,1
1160,3,1,6,36,73,3,1
1161,3,1,6,38,73,3,1
1162,3,1,6,39,73,3,1
1163,3,1,6,39,73,3,1
1164,3,1,6,40,73,3,1
1165,3,1,6,40,73,3,1
1166,3,1,6,40,73,3,1
1167,3,1,6,40,73,3,1
1168,3,1,6,40,73,3,1
1169,3,1,6,40,73,3,1
1170,3,1,6,40,73,3,1
1171,3,1,6,40,73,3,1
1172,3,1,6,41,73,3,1
1173,3,1,6,41,73,3,1
1174,3,1,6,42,73,3,1
1175,3,1,6,42,73,3,1
1176,3,1,6,42,73,3,1
1177,3,1,6,42,73,3,1
1178,3,1,6,43,73,3,1
1179,3,1,6,43,73,3,1
1180,3,1,6,43,73,3,1
1181,3,1,6,43,73,3,1
1182,3,1,6,44,73,3,1
1183,3,1,6,44,73,3,1
1184,3,1,6,45,73,3,1
1185,3,1,6,45,73,3,1
1186,3,1,6,45,73,3,1
1187,3,1,6,45,73,3,1
1188,3,1,6,46,73,3,1
1189,3,1,6,46,73,3,1
1190,3,1,6,47,73,3,1
1191,3,1,6,47,73,3,1
1192,3,1,6,47,73,3,1
1193,3,1,6,47,73,3,1
1194,3,1,6,47,73,3,1
1195,3,1,6,48,73,3,1
1196,3,1,6,48,73,3,1
1197,3,1,6,49,73,3,1
1198,3,1,6,49,73,3,1
1199,3,1,6,51,73,3,1
1200,3,1,6,51,73,3,1
1201,3,1,6,51,73,3,1
1202,3,1,6,51,73,3,1
1203,3,1,6,51,73,3,1
1204,3,1,6,52,73,3,1
1205,3,1,6,52,73,3,1
1206,3,1,6,52,73,3,1
1207,3,1,6,53,73,3,1
1208,3,1,6,53,73,3,1
1209,3,1,6,53,73,3,1
1210,3,1,6,53,73,3,1
1211,3,1,6,53,73,3,1
1212,3,1,6,53,73,3,1
1213,3,1,6,53,73,3,1
1214,3,1,6,54,73,3,1
1215,3,1,6,55,73,3,1
1216,3,1,6,59,73,3,1
1217,3,1,7,2,73,3,1
1218,3,1,7,3,73,3,1
1219,3,1,7,6,73,3,1
1220,3,1,7,30,73,3,1
1221,3,1,7,37,73,3,1
1222,3,1,7,57,73,3,1
1223,3,1,8,14,73,3,1
1224,3,1,8,29,73,3,1
1225,3,1,8,33,73,3,1
1226,3,1,8,39,73,3,1
1227,3,1,8,41,73,3,1
1228,3,1,8,41,73,3,1
1229,3,1,8,41,73,3,1
1230,3,1,8,44,73,3,1
1231,3,1,8,44,73,3,1
1232,3,1,8,44,73,3,1
1233,3,1,8,45,73,3,1
1234,3,1,8,55,73,3,1
1235,3,1,8,59,73,3,1
1236,3,1,9,0,73,3,1
1237,3,1,9,17,73,3,1
1238,3,1,9,23,73,3,1
1239,3,1,9,43,73,3,1
1240,3,1,13,12,73,3,1
1241,3,1,13,34,73,3,1
1242,3,1,14,4,73,3,1
1243,3,1,14,7,73,3,1
1244,3,1,14,7,73,3,1
1245,3,1,14,15,73,3,1
1246,3,1,14,25,73,3,1
1247,3,1,14,30,73,3,1
1248,3,1,14,31,73,3,1
1249,3,1,14,32,73,3,1
1250,3,1,14,32,73,3,1
1251,3,1,14,50,73,3,1
1252,3,1,14,50,73,3,1
1253,3,1,17,4,73,3,1
1254,3,1,19,1,73,3,1
1255,3,1,21,30,73,3,1
1256,3,1,21,39,73,3,1
1257,3,2,1,0,74,4,1
1258,3,2,1,1,74,4,1
1259,3,2,1,7,74,4,1
1260,3,2,2,56,74,4,1
1261,3,2,4,19,74,4,1
1262,3,2,4,35,74,4,1
1263,3,2,5,23,74,4,1
1264,3,2,6,52,74,4,1
1265,3,2,7,51,74,4,1
1266,3,2,13,28,74,4,1
1267,3,2,15,50,74,4,1
1268,3,2,17,56,74,4,1
1269,3,2,20,24,74,4,1
1270,3,2,21,26,74,4,1
1271,3,2,21,53,74,4,1
1272,3,2,22,2,74,4,1
1273,3,2,22,15,74,4,1
1274,3,3,1,7,75,5,1
1275,3,3,4,3,75,5,1
1276,3,3,6,18,75,5,1
1277,3,3,7,0,75,5,1
1278,3,3,7,0,75,5,1
1279,3,3,7,0,75,5,1
1280,3,3,7,0,75,5,1
1281,3,3,7,0,75,5,1
1282,3,3,7,3,75,5,1
1283,3,3,7,4,75,5,1
1284,3,3,7,6,75,5,1
1285,3,3,7,11,75,5,1
1286,3,3,7,27,75,5,1
1287,3,3,7,29,75,5,1
1288,3,3,20,28,75,5,1
1289,3,4,0,19,76,6,1
1290,3,4,2,24,76,6,1
1291,3,4,5,20,76,6,1
1292,3,4,5,23,76,6,1
1293,3,4,19,9,76,6,1
1294,3,5,5,55,77,0,1
1295,3,5,6,41,77,0,1
1296,3,6,5,37,78,1,1
1297,3,6,6,7,78,1,1
1298,3,6,6,31,78,1,1
1299,3,6,8,36,78,1,1
1300,3,6,17,0,78,1,1
1301,3,6,17,27,78,1,1
1302,3,6,17,56,78,1,1
1303,3,6,19,15,78,1,1
1304,3,6,19,27,78,1,1
1305,3,6,21,15,78,1,1
1306,3,7,0,31,79,2,1
1307,3,7,0,59,79,2,1
1308,3,7,1,2,79,2,1
1309,3,7,1,7,79,2,1
1310,3,7,1,54,79,2,1
1311,3,7,18,12,79,2,1
1312,3,8,6,15,80,3,1
1313,3,8,6,31,80,3,1
1314,3,8,6,31,80,3,1
1315,3,8,6,34,80,3,1
1316,3,8,6,35,80,3,1
1317,3,8,6,36,80,3,1
1318,3,8,6,36,80,3,1
1319,3,8,6,36,80,3,1
1320,3,8,6,36,80,3,1
1321,3,8,6,37,80,3,1
1322,3,8,6,37,80,3,1
1323,3,8,6,38,80,3,1
1324,3,8,6,38,80,3,1
1325,3,8,6,38,80,3,1
1326,3,8,6,38,80,3,1
1327,3,8,6,42,80,3,1
1328,3,8,6,45,80,3,1
1329,3,8,6,46,80,3,1
1330,3,8,6,46,80,3,1
1331,3,8,6,46,80,3,1
1332,3,8,6,47,80,3,1
1333,3,8,6,48,80,3,1
1334,3,8,6,48,80,3,1
1335,3,8,6,49,80,3,1
1336,3,8,6,49,80,3,1
1337,3,8,6,49,80,3,1
1338,3,8,6,50,80,3,1
1339,3,8,6,50,80,3,1
1340,3,8,6,51,80,3,1
1341,3,8,6,51,80,3,1
1342,3,8,6,51,80,3,1
1343,3,8,6,54,80,3,1
1344,3,8,6,55,80,3,1
1345,3,8,6,57,80,3,1
1346,3,8,6,57,80,3,1
1347,3,8,6,58,80,3,1
1348,3,8,7,0,80,3,1
1349,3,8,7,2,80,3,1
1350,3,8,7,6,80,3,1
1351,3,8,7,15,80,3,1
1352,3,8,7,29,80,3,1
1353,3,8,7,29,80,3,1
1354,3,8,7,31,80,3,1
1355,3,8,7,43,80,3,1
1356,3,8,7,46,80,3,1
1357,3,8,7,51,80,3,1
1358,3,8,7,53,80,3,1
1359,3,8,8,39,80,3,1
1360,3,8,9,55,80,3,1
1361,3,8,13,6,80,3,1
1362,3,8,13,34,80,3,1
1363,3,8,13,51,80,3,1
1364,3,8,14,24,80,3,1
1365,3,8,14,47,80,3,1
1366,3,8,17,0,80,3,1
1367,3,8,17,0,80,3,1
1368,3,8,17,0,80,3,1
1369,3,8,17,29,80,3,1
1370,3,8,18,0,80,3,1
1371,3,8,19,0,80,3,1
1372,3,8,20,0,80,3,1
1373,3,8,20,2,80,3,1
1374,3,8,20,3,80,3,1
1375,3,8,21,59,80,3,1
1376,3,8,22,1,80,3,1
1377,3,9,4,22,81,4,1
1378,3,9,19,23,81,4,1
1379,3,9,21,57,81,4,1
1380,3,9,22,10,81,4,1
1381,3,9,23,19,81,4,1
1382,3,9,23,29,81,4,1
1383,3,10,1,7,82,5,1
1384,3,10,5,28,82,5,1
1385,3,10,6,45,82,5,1
1386,3,10,6,49,82,5,1
1387,3,10,7,0,82,5,1
1388,3,10,7,1,82,5,1
1389,3,10,7,15,82,5,1
1390,3,10,13,58,82,5,1
1391,3,10,16,12,82,5,1
1392,3,10,19,15,82,5,1
1393,3,10,19,25,82,5,1
1394,3,10,22,21,82,5,1
1395,3,10,22,41,82,5,1
1396,3,11,7,39,83,6,1
1397,3,12,8,25,84,0,1
1398,3,12,8,26,84,0,1
1399,3,13,1,44,85,1,1
1400,3,13,6,35,85,1,1
1401,3,13,18,42,85,1,1
1402,3,13,19,11,85,1,1
1403,3,13,20,49,85,1,1
1404,3,13,21,52,85,1,1
1405,3,14,2,0,86,2,1
1406,3,14,2,0,86,2,1
1407,3,14,3,39,86,2,1
1408,3,14,5,11,86,2,1
1409,3,14,5,14,86,2,1
1410,3,14,16,14,86,2,1
1411,3,14,19,3,86,2,1
1412,3,14,19,29,86,2,1
1413,3,14,20,0,86,2,1
1414,3,14,20,8,86,2,1
1415,3,14,22,2,86,2,1
1416,3,15,0,23,87,3,1
1417,3,15,7,32,87,3,1
1418,3,15,7,36,87,3,1
1419,3,15,7,36,87,3,1
1420,3,15,7,37,87,3,1
1421,3,15,7,37,87,3,1
1422,3,15,7,37,87,3,1
1423,3,15,7,38,87,3,1
1424,3,15,7,38,87,3,1
1425,3,15,7,38,87,3,1
1426,3,15,7,38,87,3,1
1427,3,15,7,39,87,3,1
1428,3,15,7,39,87,3,1
1429,3,15,7,39,87,3,1
1430,3,15,7,39,87,3,1
1431,3,15,7,40,87,3,1
1432,3,15,7,45,87,3,1
1433,3,15,7,45,87,3,1
1434,3,15,7,46,87,3,1
1435,3,15,7,46,87,3,1
1436,3,15,7,47,87,3,1
1437,3,15,7,47,87,3,1
1438,3,15,7,48,87,3,1
1439,3,15,7,48,87,3,1
1440,3,15,7,48,87,3,1
1441,3,15,7,48,87,3,1
1442,3,15,7,49,87,3,1
1443,3,15,7,49,87,3,1
1444,3,15,7,49,87,3,1
1445,3,15,7,49,87,3,1
1446,3,15,7,49,87,3,1
1447,3,15,7,49,87,3,1
1448,3,15,7,50,87,3,1
1449,3,15,7,51,87,3,1
1450,3,15,7,52,87,3,1
1451,3,15,7,53,87,3,1
1452,3,15,7,53,87,3,1
1453,3,15,7,53,87,3,1
1454,3,15,7,54,87,3,1
1455,3,15,7,54,87,3,1
1456,3,15,7,54,87,3,1
1457,3,15,7,54,87,3,1
1458,3,15,7,54,87,3,1
1459,3,15,7,55,87,3,1
1460,3,15,7,55,87,3,1
1461,3,15,7,55,87,3,1
1462,3,15,7,55,87,3,1
1463,3,15,7,56,87,3,1
1464,3,15,7,56,87,3,1
1465,3,15,7,56,87,3,1
1466,3,15,7,59,87,3,1
1467,3,15,8,3,87,3,1
1468,3,15,8,13,87,3,1
1469,3,15,8,29,87,3,1
1470,3,15,9,47,87,3,1
1471,3,15,9,48,87,3,1
1472,3,15,9,48,87,3,1
1473,3,15,9,49,87,3,1
1474,3,15,9,50,87,3,1
1475,3,15,9,53,87,3,1
1476,3,15,9,56,87,3,1
1477,3,15,9,56,87,3,1
1478,3,15,9,56,87,3,1
1479,3,15,9,57,87,3,1
1480,3,15,9,58,87,3,1
1481,3,15,9,58,87,3,1
1482,3,15,9,59,87,3,1
1483,3,15,10,0,87,3,1
1484,3,15,12,28,87,3,1
1485,3,15,14,54,87,3,1
1486,3,15,15,58,87,3,1
1487,3,15,17,15,87,3,1
1488,3,15,17,44,87,3,1
1489,3,15,18,4,87,3,1
1490,3,15,19,0,87,3,1
1491,3,15,19,53,87,3,1
1492,3,15,20,42,87,3,1
1493,3,15,21,7,87,3,1
1494,3,16,1,0,88,4,1
1495,3,16,1,10,88,4,1
1496,3,16,2,0,88,4,1
1497,3,16,2,1,88,4,1
1498,3,16,4,3,88,4,1
1499,3,16,4,18,88,4,1
1500,3,16,5,0,88,4,1
1501,3,16,5,2,88,4,1
1502,3,16,19,28,88,4,1
1503,3,16,21,13,88,4,1
1504,3,16,21,57,88,4,1
1505,3,16,22,50,88,4,1
1506,3,17,1,44,89,5,1
1507,3,17,1,46,89,5,1
1508,3,17,2,48,89,5,1
1509,3,17,3,30,89,5,1
1510,3,17,3,48,89,5,1
1511,3,17,3,57,89,5,1
1512,3,17,6,4,89,5,1
1513,3,17,16,1,89,5,1
1514,3,17,19,34,89,5,1
1515,3,17,19,56,89,5,1
1516,3,17,20,1,89,5,1
1517,3,17,21,56,89,5,1
1518,3,17,22,12,89,5,1
1519,3,17,22,27,89,5,1
1520,3,17,23,4,89,5,1
1521,3,18,4,52,90,6,1
1522,3,18,5,55,90,6,1
1523,3,18,23,3,90,6,1
1524,3,19,3,15,91,0,1
1525,3,19,6,1,91,0,1
1526,3,19,20,1,91,0,1
1527,3,20,2,3,92,1,1
1528,3,20,2,25,92,1,1
1529,3,20,4,0,92,1,1
1530,3,20,4,58,92,1,1
1531,3,20,5,8,92,1,1
1532,3,20,6,1,92,1,1
1533,3,20,7,41,92,1,1
1534,3,20,18,43,92,1,1
1535,3,20,18,50,92,1,1
1536,3,20,19,28,92,1,1
1537,3,21,0,40,93,2,1
1538,3,21,0,56,93,2,1
1539,3,21,1,33,93,2,1
1540,3,21,2,31,93,2,1
1541,3,21,5,23,93,2,1
1542,3,21,5,50,93,2,1
1543,3,21,5,57,93,2,1
1544,3,21,6,19,93,2,1
1545,3,21,6,30,93,2,1
1546,3,21,6,32,93,2,1
1547,3,21,6,34,93,2,1
1548,3,21,6,54,93,2,1
1549,3,21,6,58,93,2,1
1550,3,21,18,7,93,2,1
1551,3,21,18,24,93,2,1
1552,3,21,18,45,93,2,1
1553,3,21,19,2,93,2,1
1554,3,21,20,1,93,2,1
1555,3,21,20,17,93,2,1
1556,3,22,2,31,94,3,1
1557,3,22,2,46,94,3,1
1558,3,22,4,51,94,3,1
1559,3,22,6,13,94,3,1
1560,3,22,6,19,94,3,1
1561,3,22,6,25,94,3,1
1562,3,22,7,8,94,3,1
1563,3,22,7,14,94,3,1
1564,3,22,7,26,94,3,1
1565,3,22,7,26,94,3,1
1566,3,22,7,27,94,3,1
1567,3,22,7,28,94,3,1
1568,3,22,7,29,94,3,1
1569,3,22,7,29,94,3,1
1570,3,22,7,30,94,3,1
1571,3,22,7,31,94,3,1
1572,3,22,7,31,94,3,1
1573,3,22,7,32,94,3,1
1574,3,22,7,32,94,3,1
1575,3,22,7,33,94,3,1
1576,3,22,7,37,94,3,1
1577,3,22,7,38,94,3,1
1578,3,22,7,39,94,3,1
1579,3,22,7,39,94,3,1
1580,3,22,7,39,94,3,1
1581,3,22,7,39,94,3,1
1582,3,22,7,39,94,3,1
1583,3,22,7,39,94,3,1
1584,3,22,7,40,94,3,1
1585,3,22,7,40,94,3,1
1586,3,22,7,40,94,3,1
1587,3,22,7,40,94,3,1
1588,3,22,7,40,94,3,1
1589,3,22,7,40,94,3,1
1590,3,22,7,41,94,3,1
1591,3,22,7,41,94,3,1
1592,3,22,7,41,94,3,1
1593,3,22,7,41,94,3,1
1594,3,22,7,42,94,3,1
1595,3,22,7,43,94,3,1
1596,3,22,7,43,94,3,1
1597,3,22,7,43,94,3,1
1598,3,22,7,43,94,3,1
1599,3,22,7,44,94,3,1
1600,3,22,7,44,94,3,1
1601,3,22,7,45,94,3,1
1602,3,22,7,45,94,3,1
1603,3,22,7,45,94,3,1
1604,3,22,7,45,94,3,1
1605,3,22,7,45,94,3,1
1606,3,22,7,45,94,3,1
1607,3,22,7,45,94,3,1
1608,3,22,7,46,94,3,1
1609,3,22,7,47,94,3,1
1610,3,22,7,47,94,3,1
1611,3,22,7,47,94,3,1
1612,3,22,7,48,94,3,1
1613,3,22,7,49,94,3,1
1614,3,22,7,49,94,3,1
1615,3,22,7,50,94,3,1
1616,3,22,7,50,94,3,1
1617,3,22,7,50,94,3,1
1618,3,22,7,51,94,3,1
1619,3,22,7,51,94,3,1
1620,3,22,7,51,94,3,1
1621,3,22,7,51,94,3,1
1622,3,22,7,51,94,3,1
1623,3,22,7,51,94,3,1
1624,3,22,7,52,94,3,1
1625,3,22,7,52,94,3,1
1626,3,22,7,52,94,3,1
1627,3,22,7,52,94,3,1
1628,3,22,7,53,94,3,1
1629,3,22,7,54,94,3,1
1630,3,22,7,54,94,3,1
1631,3,22,7,54,94,3,1
1632,3,22,7,55,94,3,1
1633,3,22,7,55,94,3,1
1634,3,22,7,55,94,3,1
1635,3,22,7,55,94,3,1
1636,3,22,7,55,94,3,1
1637,3,22,7,55,94,3,1
1638,3,22,7,55,94,3,1
1639,3,22,7,56,94,3,1
1640,3,22,7,56,94,3,1
1641,3,22,7,56,94,3,1
1642,3,22,7,56,94,3,1
1643,3,22,7,56,94,3,1
1644,3,22,7,56,94,3,1
1645,3,22,7,58,94,3,1
1646,3,22,7,58,94,3,1
1647,3,22,7,59,94,3,1
1648,3,22,7,59,94,3,1
1649,3,22,7,59,94,3,1
1650,3,22,7,59,94,3,1
1651,3,22,7,59,94,3,1
1652,3,22,8,0,94,3,1
1653,3,22,8,1,94,3,1
1654,3,22,8,2,94,3,1
1655,3,22,8,4,94,3,1
1656,3,22,8,4,94,3,1
1657,3,22,8,5,94,3,1
1658,3,22,8,13,94,3,1
1659,3,22,8,13,94,3,1
1660,3,22,8,13,94,3,1
1661,3,22,8,14,94,3,1
1662,3,22,8,19,94,3,1
1663,3,22,9,41,94,3,1
1664,3,22,9,49,94,3,1
1665,3,22,9,56,94,3,1
1666,3,22,9,57,94,3,1
1667,3,22,9,57,94,3,1
1668,3,22,10,0,94,3,1
1669,3,22,10,1,94,3,1
1670,3,22,10,5,94,3,1
1671,3,22,10,8,94,3,1
1672,3,22,10,8,94,3,1
1673,3,22,10,14,94,3,1
1674,3,22,10,20,94,3,1
1675,3,22,10,26,94,3,1
1676,3,22,10,29,94,3,1
1677,3,22,14,41,94,3,1
1678,3,22,18,34,94,3,1
1679,3,22,19,30,94,3,1
1680,3,22,20,5,94,3,1
1681,3,22,20,6,94,3,1
1682,3,22,20,9,94,3,1
1683,3,22,20,12,94,3,1
1684,3,22,20,16,94,3,1
1685,3,22,20,29,94,3,1
1686,3,22,21,0,94,3,1
1687,3,22,21,14,94,3,1
1688,3,22,21,54,94,3,1
1689,3,22,22,50,94,3,1
1690,3,23,1,44,95,4,1
1691,3,23,2,20,95,4,1
1692,3,23,3,12,95,4,1
1693,3,23,4,46,95,4,1
1694,3,23,5,6,95,4,1
1695,3,23,6,16,95,4,1
1696,3,23,6,45,95,4,1
1697,3,23,7,25,95,4,1
1698,3,23,8,30,95,4,1
1699,3,23,8,31,95,4,1
1700,3,23,14,34,95,4,1
1701,3,23,17,38,95,4,1
1702,3,23,17,51,95,4,1
1703,3,23,19,14,95,4,1
1704,3,23,20,1,95,4,1
1705,3,23,20,54,95,4,1
1706,3,23,21,8,95,4,1
1707,3,23,21,54,95,4,1
1708,3,23,23,0,95,4,1
1709,3,23,23,36,95,4,1
1710,3,24,1,8,96,5,1
1711,3,24,1,37,96,5,1
1712,3,24,3,32,96,5,1
1713,3,24,4,23,96,5,1
1714,3,24,5,36,96,5,1
1715,3,24,14,21,96,5,1
1716,3,24,20,17,96,5,1
1717,3,25,6,1,97,6,1
1718,3,25,15,45,97,6,1
1719,3,25,17,1,97,6,1
1720,3,25,18,0,97,6,1
1721,3,25,18,10,97,6,1
1722,3,25,20,17,97,6,1
1723,3,25,22,24,97,6,1
1724,3,26,4,49,98,0,1
1725,3,26,16,1,98,0,1
1726,3,26,18,19,98,0,1
1727,3,26,22,54,98,0,1
1728,3,26,23,52,98,0,1
1729,3,27,2,30,99,1,1
1730,3,27,3,32,99,1,1
1731,3,27,5,6,99,1,1
1732,3,27,7,51,99,1,1
1733,3,28,6,9,100,2,1
1734,3,28,7,47,100,2,1
1735,3,29,1,55,101,3,1
1736,3,29,3,51,101,3,1
1737,3,29,5,44,101,3,1
1738,3,29,7,28,101,3,1
1739,3,29,8,26,101,3,1
1740,3,29,18,1,101,3,1
1741,3,29,19,54,101,3,1
1742,3,30,0,3,102,4,1
1743,3,30,6,26,102,4,1
1744,3,30,18,5,102,4,1
1745,3,30,18,7,102,4,1
1746,3,30,20,15,102,4,1
1747,3,30,22,12,102,4,1
1748,3,31,2,42,103,5,1
1749,3,31,5,30,103,5,1
1750,3,31,7,6,103,5,1
1751,3,31,8,14,103,5,1
1752,3,31,8,33,103,5,1
1753,3,31,8,59,103,5,1
1754,3,31,16,30,103,5,1
1755,3,31,17,59,103,5,1
1756,3,31,18,40,103,5,1
1757,3,31,20,1,103,5,1
1758,3,31,21,55,103,5,1
1759,4,1,0,7,104,6,1
1760,4,1,3,46,104,6,1
1761,4,1,4,19,104,6,1
1762,4,1,6,1,104,6,1
1763,4,1,7,49,104,6,1
1764,4,1,19,16,104,6,1
1765,4,1,20,1,104,6,1
1766,4,2,4,53,105,0,1
1767,4,2,5,44,105,0,1
1768,4,2,19,13,105,0,1
1769,4,2,21,27,105,0,1
1770,4,3,1,8,106,1,1
1771,4,3,4,12,106,1,1
1772,4,3,16,29,106,1,1
1773,4,4,19,16,107,2,1
1774,4,4,20,1,107,2,1
1775,4,5,1,7,108,3,1
1776,4,5,5,30,108,3,1
1777,4,5,6,22,108,3,1
1778,4,5,8,41,108,3,1
1779,4,5,8,54,108,3,1
1780,4,5,9,0,108,3,1
1781,4,5,9,54,108,3,1
1782,4,5,19,9,108,3,1
1783,4,5,20,5,108,3,1
1784,4,5,20,14,108,3,1
1785,4,5,22,59,108,3,1
1786,4,6,0,5,109,4,1
1787,4,6,22,32,109,4,1
1788,4,6,22,51,109,4,1
1789,4,6,23,31,109,4,1
1790,4,6,23,35,109,4,1
1791,4,6,23,38,109,4,1
1792,4,7,3,57,110,5,1
1793,4,8,0,27,111,6,1
1794,4,8,1,32,111,6,1
1795,4,8,6,44,111,6,1
1796,4,8,18,4,111,6,1
1797,4,9,2,22,112,0,1
1798,4,9,2,25,112,0,1
1799,4,9,10,47,112,0,1
1800,4,10,0,42,113,1,1
1801,4,10,0,43,113,1,1
1802,4,10,0,43,113,1,1
1803,4,10,21,16,113,1,1
1804,4,11,2,3,114,2,1
1805,4,11,6,15,114,2,1
1806,4,12,19,59,115,3,1
1807,4,12,20,1,115,3,1
1808,4,12,22,20,115,3,1
1809,4,13,0,50,116,4,1
1810,4,13,3,28,116,4,1
1811,4,13,6,1,116,4,1
1812,4,13,8,38,116,4,1
1813,4,13,18,23,116,4,1
1814,4,13,18,40,116,4,1
1815,4,13,19,24,116,4,1
1816,4,13,20,22,116,4,1
1817,4,13,22,8,116,4,1
1818,4,13,23,47,116,4,1
1819,4,14,0,6,117,5,1
1820,4,14,5,3,117,5,1
1821,4,14,22,10,117,5,1
1822,4,15,3,33,118,6,1
1823,4,15,6,1,118,6,1
1824,4,15,17,4,118,6,1
1825,4,15,20,57,118,6,1
1826,4,16,3,0,119,0,1
1827,4,16,17,25,119,0,1
1828,4,16,20,0,119,0,1
1829,4,17,0,20,120,1,1
1830,4,17,4,56,120,1,1
1831,4,17,19,7,120,1,1
1832,4,17,20,43,120,1,1
1833,4,17,21,30,120,1,1
1834,4,17,22,30,120,1,1
1835,4,18,0,22,121,2,1
1836,4,18,1,45,121,2,1
1837,4,18,2,0,121,2,1
1838,4,18,3,11,121,2,1
1839,4,18,3,16,121,2,1
